,0,1,2,3,4,5,6,7,8,9,10,11,12,13
s0957417413009615,"
                  This study improves the recognition accuracy and execution time of facial expression recognition system",Various techniques were utilized to achieve this,The face detection component is implemented by the adoption of Viola–Jones descriptor,The detected face is down-sampled by Bessel transform to reduce the feature extraction space to improve processing time then,Gabor feature extraction techniques were employed to extract thousands of facial features which represent various facial deformation patterns,An AdaBoost-based hypothesis is formulated to select a few hundreds of the numerous extracted features to speed up classification,The selected features were fed into a well designed 3-layer neural network classifier that is trained by a back-propagation algorithm,The system is trained and tested with datasets from JAFFE and Yale facial expression databases,"An average recognition rate of 96.83% and 92.22% are registered in JAFFE and Yale databases, respectively",The execution time for a 100×100 pixel size is 14.5ms,"The general results of the proposed techniques are very encouraging when compared with others.
               ",,,
s2590188519300162,"
                  Forecasting future trends of the stock market using the historical data is the exigent demand in the field of academia as well as business","This work has explored the feature optimization capacity of firefly with an evolutionary framework considering the biochemical and social aspects of Firefly algorithm, along with the selection procedure of objective value in evolutionary notion","The performance of the proposed model is evaluated using four different stock market datasets, such as BSE Sensex, NSE Sensex, S&P 500 index and FTSE index","The datasets are regenerated using the proper mathematical formulation of the fundamental part belonging to technical analysis, such as technical indicators and statistical measures","The feature reduction through transformation is carried out on the enhanced dataset before employing the experimented dataset to the prediction models such as Extreme Learning Machine (ELM), Online Sequential Extreme Learning Machine (OSELM) and Recurrent Back Propagation Neural Network (RBPNN)","For feature reduction, both statistical and optimized based feature reduction strategies are considered, where Principal Component Analysis (PCA) and Factor Analysis (FA) are examined for statistical based feature reduction and Firefly Optimization (FO), Genetic Algorithm (GA) and Firefly algorithm with evolutionary framework are well thought out for optimized feature reduction techniques","An empirical comparison is established among the experimented prediction models considering all the feature reduction techniques for the time horizon of 1 day, 3 days, 5 days, 7 days, 5 days and 30 days in advance, applying on all the datasets used in this study","From the simulation result, it can be clearly figured out that firefly with evolutionary framework optimized feature reduction applying to OSELM prediction model outperformed over the rest experimented models.
               ",,,,,,
s0957417418306535,"
                  Malware creators have been getting their way for too long now",String-based similarity measures can leverage ground truth in a scalable way and can operate at a level of abstraction that is difficult to combat from the code level,"At the string level, information theory and, specifically, entropy play an important role related to detecting patterns altered by concealment strategies, such as polymorphism or encryption",Controlling the entropy levels in different parts of a disk resident executable allows an analyst to detect malware or a black hat to evade the detection,This paper shows these two perspectives into two scalable entropy-based tools: EnTS and EEE,"EnTS, the detection tool, shows the effectiveness of detecting entropy patterns, achieving 100% precision with 82% accuracy",It outperforms VirusTotal for accuracy on combined Kaggle and VirusShare malware,"EEE, the evasion tool, shows the effectiveness of entropy as a concealment strategy, attacking binary-based state of the art detectors","It learns their detection patterns in up to 8 generations of its search process, and increments their false negative rate from range 0–9%, up to the range 90–98.7%.
               ",,,,,
s0888613x13002041,"
                  In real time, one observation always relies on several observations","To improve the forecasting accuracy, all these observations can be incorporated in forecasting models","Therefore, in this study, we have intended to introduce a new Type-2 fuzzy time series model that can utilize more observations in forecasting","Later, this Type-2 model is enhanced by employing particle swarm optimization (PSO) technique","The main motive behind the utilization of the PSO with the Type-2 model is to adjust the lengths of intervals in the universe of discourse that are employed in forecasting, without increasing the number of intervals",The daily stock index price data set of SBI (State Bank of India) is used to evaluate the performance of the proposed model,The proposed model is also validated by forecasting the daily stock index price of Google,"Our experimental results demonstrate the effectiveness and robustness of the proposed model in comparison with existing fuzzy time series models and conventional time series models.
               ",,,,,,
s0957417419302489,"
                  Latent palmprint identification is a crucial element for both law enforcement and integrated automated fingerprint identification systems because approximately 30% of the imprints found in a crime scene originate from a human’s palms","To find the person whom the palmprint belongs to, forensic experts use systems that automatically compare the imprints found, called latent, against thousands of potential palmprints.
                  Identification systems rely on features obtained from the palmprint, and different feature representations to include discriminative information","However, there is no consensus as to which representation allows for a better matching between latent palmprints, and those with a known identity","Furthermore, evaluating the identification performance when matching palmprints obtained when using different representations has not been done fairly","The current manner of evaluating palmprint identification methods uses different datasets, performance measures, and does not allow to discern the contributions of the feature representation and the methods for matching the palmprints","In this study, we have reviewed those features used for latent palmprint identification, and also we propose an evaluation methodology that allows for a fair comparison of minutiae-based features.
                  Using our methodology, we evaluated each representation performing more than 5 billion comparisons",Our experiments are done using a dataset that includes information about the matching minutiae according to an expert,"We aim with our results to provide a baseline for new research in latent palmprint identification feature representations, allowing for a fair comparison of newly developed representations in the future, which would enhance the whole latent palmprint identification methods","For this purpose, we also publicly provide our dataset, methodology implementation, and the feature representations implementation tested in our experiments.
               ",,,,,
s107158191630074x,"
                  As many users who are charged with process monitoring need to focus mainly on other work while performing monitoring as a secondary task, monitoring systems that purely rely on visual means are often not well suited for this purpose","Sonification, the presentation of data as (non-speech) sound, has proven in several studies that it can help in guiding the user's attention, especially in scenarios where process monitoring is performed in parallel with a different, main task","However, there are several aspects that have not been investigated in this area so far, for example if a continuous soundscape can guide the user's attention better than one that is based on auditory cues",We have developed a system that allows reproducible research to answer such questions,"In this system, the participants’ performance both for the main task (simulated by simple arithmetic problems) and for the secondary task (a simulation of a production process) can be measured in a more fine-grained manner than has been the case for existing research in this field","In a within-subject study (n=18), we compared three monitoring conditions – visual only, visual + auditory alerts and a condition combining the visual mode with continuous sonification of process events based on a forest soundscape","Participants showed significantly higher process monitoring performances in the continuous sonification condition, compared to the other two modes","The performance in the main task was at the same time not significantly affected by the continuous sonification.
               ",,,,,,
s0888613x17302335,"
                  Under-reporting occurs in survey data when there is a reason for participants to give a false negative response to a question, e.g. maternal smoking in epidemiological studies",Failing to correct this misreporting introduces biases and it may lead to misinformed decision making,"Our work provides methods of correcting for this bias, by reinterpreting it as a missing data problem, and particularly learning from positive and unlabelled data","Focusing on information theoretic approaches we have three key contributions: (1) we provide a method to perform valid independence tests with known power by incorporating prior knowledge over misreporting; (2) we derive corrections for point/interval estimates of the mutual information that capture both relevance and redundancy; and finally, (3) we derive different ways for ranking under-reported risk factors","Furthermore, we show how to use our results in real-world problems and machine learning tasks.
               ",,,,,,,,,
s1071581916000021,"
                  Anthropometrics show that the lengths of many human body segments follow a common proportional relationship","To know the length of one body segment – such as a thumb – potentially provides a predictive route to other physical characteristics, such as overall standing height","In this study, we examined whether it is feasible that the length of a person׳s thumb could be revealed from the way in which they complete swipe gestures on a touchscreen-based smartphone.
                  From a corpus of approx. 19,000 swipe gestures captured from 178 volunteers, we found that people with longer thumbs complete swipe gestures with shorter completion times, higher speeds and with higher accelerations than people with shorter thumbs","These differences were also observed to exist between our male and female volunteers, along with additional differences in the amount of touch pressure applied to the screen.
                  Results are discussed in terms of linking behavioural and physical biometrics.
               ",,,,,,,,,,
s0925231219301961,"
                  Despite the state-of-the-art performance for medical image segmentation, deep convolutional neural networks (CNNs) have rarely provided uncertainty estimations regarding their segmentation outputs, e.g., model (epistemic) and image-based (aleatoric) uncertainties","In this work, we analyze these different types of uncertainties for CNN-based 2D and 3D medical image segmentation tasks at both pixel level and structure level",We additionally propose a test-time augmentation-based aleatoric uncertainty to analyze the effect of different transformations of the input image on the segmentation output,"Test-time augmentation has been previously used to improve segmentation accuracy, yet not been formulated in a consistent mathematical framework","Hence, we also propose a theoretical formulation of test-time augmentation, where a distribution of the prediction is estimated by Monte Carlo simulation with prior distributions of parameters in an image acquisition model that involves image transformations and noise",We compare and combine our proposed aleatoric uncertainty with model uncertainty,"Experiments with segmentation of fetal brains and brain tumors from 2D and 3D Magnetic Resonance Images (MRI) showed that 1) the test-time augmentation-based aleatoric uncertainty provides a better uncertainty estimation than calculating the test-time dropout-based model uncertainty alone and helps to reduce overconfident incorrect predictions, and 2) our test-time augmentation outperforms a single-prediction baseline and dropout-based multiple predictions.
               ",,,,,,,
s0957417417300751,"
                  Deep learning techniques for Sentiment Analysis have become very popular","They provide automatic feature extraction and both richer representation capabilities and better performance than traditional feature based techniques (i.e., surface methods)","Traditional surface approaches are based on complex manually extracted features, and this extraction process is a fundamental question in feature driven methods","These long-established approaches can yield strong baselines, and their predictive capabilities can be used in conjunction with the arising deep learning methods",In this paper we seek to improve the performance of deep learning techniques integrating them with traditional surface approaches based on manually extracted features,The contributions of this paper are sixfold,"First, we develop a deep learning based sentiment classifier using a word embeddings model and a linear machine learning algorithm",This classifier serves as a baseline to compare to subsequent results,"Second, we propose two ensemble techniques which aggregate our baseline classifier with other surface classifiers widely used in Sentiment Analysis","Third, we also propose two models for combining both surface and deep features to merge information from several sources","Fourth, we introduce a taxonomy for classifying the different models found in the literature, as well as the ones we propose","Fifth, we conduct several experiments to compare the performance of these models with the deep learning baseline","For this, we use seven public datasets that were extracted from the microblogging and movie reviews domain","Finally, as a result, a statistical study confirms that the performance of these proposed models surpasses that of our original baseline on F1-Score.
               "
s0963868717301798,"
                  In response to the challenge of socializing new IT employees, some IT departments are exploring the incorporation of enterprise social media (hereinafter ESM) as an informal organizational socialization tool","Because this is a relatively new phenomenon, little is known about how ESM facilitate employee socialization","In order to contribute to our understanding of how ESM affects employee socialization, this paper invokes a case study to explore how one organization’s implementation of an ESM for its IT new hire program influenced the socialization process and outcomes","To delve deeply into how the ESM influences socialization, we draw upon technology affordance theory to uncover the various first and second-order affordances actualized by different actor groups and the various outcomes resulting from the affordances","We then identify five generative mechanisms – bureaucracy circumvention, executive perspective, personal development, name recognition, and morale booster – that explain how the actualization of different strands of affordances by various groups of users produces eight different outcomes",Our results provide insights into the different affordances made possible by ESM in the context of a new hire socialization program and how these affordances have repercussions beyond those experienced by the individuals using the ESM,"The results have important implications for new hire socialization and technology affordance research.
               ",,,,,,,
s0736584518303831,"
                  Wire + Arc Additive Manufacturing (WAAM) has proven its capability to build medium to large metallic parts thanks to its high-rate deposition and its potentially unlimited build volume","Moreover, the low-cost equipment and the ability to deposit various metals make WAAM a strong candidate to become a standard industrial process","However, like all Additive Manufacturing (AM) technologies, the key to manufacturing suitable parts lies in the generation of an optimised path that guarantees a uniform defect-free deposition","Most AM technologies have been able to use traditional path strategies derived from CNC machining, but the specificities inherent to the arc deposition make the use of those solutions unreliable across a variety of topologies","Nevertheless, studies have shown that superior results can be achieved by using a feature-based design approach, but developing a path strategy for each new geometry would be a very time-consuming task","Therefore, this paper introduces the Modular Path Planning (MPP) solution that aims to incorporate the modularity of feature-based design into the traditional layer-by-layer strategy","By dividing each layer into individual deposition sections, this method allows users to adapt the path planning to the targeted geometry allowing the construction of a wide variety of complex geometries",This paper also proposes a software implementation that limits user interventions and reduces user inputs to basic CAD modelling operations,"Moreover, the MPP has been compared to a traditional path planning solution and used to build a complex part for industry.
               ",,,,,
s0921889016306285,"
                  Since the beginning of robotics, the substitution of human labor has been one of the crucial issues","The focus is on the economic perspective, asking how robotics affects the labor market, and on changes in the work processes of human workers","While there are already some lessons learnt from industrial robotics, the area of service robots has been analyzed to a much lesser extent",First insights into these aspects are of utmost relevance to technology assessment providing policy advice,"As conclusions for service robots in general cannot be drawn, we identify criteria for the ex-ante evaluation of service robots in concrete application areas.
               ",,,,,,,,,
s0957417419301903,"
                  The main aim of this paper is to investigate how far applying suitably conceived and designed credit scoring models can properly account for the incidence of default and help improve the decision-making process","Four statistical modelling techniques, namely, discriminant analysis, logistic regression, multi-layer feed-forward neural network and probabilistic neural network are used in building credit scoring models for the Indian banking sector",Notably actual misclassification costs are analysed in preference to estimated misclassification costs,"Our first-stage scoring models show that sophisticated credit scoring models, in particular probabilistic neural networks, can help to strengthen the decision-making processes by reducing default rates by over 14%",The second-stage of our analysis focuses upon the default cases and substantiates the significance of the timing of default,"Moreover, our results reveal that State of residence, equated monthly instalment, net annual income, marital status and loan amount, are the most important predictive variables","The practical implications of this study are that our scoring models could help banks avoid high default rates, rising bad debts, shrinking cash flows and punitive cost-cutting measures.
               ",,,,,,,
s0888613x1400067x,"
                  Dealing with the large amount of data resulting from association rule mining is a big challenge",The essential issue is how to provide efficient methods for summarizing and representing meaningful discovered knowledge from databases,This paper presents a new approach called multi-tier granule mining to improve the performance of association rule mining,"Rather than using patterns, it uses granules to represent knowledge that is implicitly contained in relational databases",This approach also uses multi-tier structures and association mappings to interpret association rules in terms of granules,"Consequently, association rules can be quickly assessed and meaningless association rules can be justified according to these association mappings","The experimental results indicate that the proposed approach is promising.
               ",,,,,,,
s0888613x14001133,"
                  We present a new approach to credal networks, which are graphical models that generalise Bayesian networks to deal with imprecise probabilities","Instead of applying the commonly used notion of strong independence, we replace it by the weaker, asymmetrical notion of epistemic irrelevance","We show how assessments of epistemic irrelevance allow us to construct a global model out of given local uncertainty models, leading to an intuitive expression for the so-called irrelevant natural extension of a credal network","In contrast with Cozman [4], who introduced this notion in terms of credal sets, our main results are presented using the language of sets of desirable gambles","This has allowed us to derive some remarkable properties of the irrelevant natural extension, including marginalisation properties and a tight connection with the notion of independent natural extension","Our perhaps most important result is that the irrelevant natural extension satisfies a collection of epistemic irrelevancies that is induced by AD-separation, an asymmetrical adaptation of d-separation","Both AD-separation and the induced collection of irrelevancies are shown to satisfy all graphoid properties except symmetry.
               ",,,,,,,
s259018851930006x,"
                  The effective prediction of pavement performance trends can help in achieving the cost-effective management of pavements over their service life","The international roughness index (IRI) is a widely used pavement performance index, which can be considered as a time-dependent variable in terms of scientific modeling",This research aims to develop an innovative IRI prediction model based on fuzzy-trend time-series forecasting and particle swarm optimization (PSO) techniques,"Raw datasets extracted from the Long-Term Pavement Performance database are used for model training, testing, and performance assessment","First, IRI values are divided into different granular spaces, which are considered as the principal factor and subfactors","In addition, the multifactor interval division method is proposed according to the principle of the automatic clustering technique","Next, a second-order fuzzy-trend model and fuzzy-trend relationship classification method are proposed to predict the fuzzy-trend of each factor","Then, the fuzzy-trend states for multiple granular spaces are generated while giving full consideration to various uncertainties","Finally, the PSO technique is used to optimize the performance model while carrying out future IRI forecasting","Comparative experiments are performed using more than 20,000 data items from different regions to verify the effectiveness of the proposed method","The experimental results indicate that the proposed method outperforms other approaches including the polynomial fitting, autoregressive integrated moving average, and backpropagation neural network methods in terms of the root mean squared error (0.191) and relative error (6.37%).
               ",,,
s0888613x1300234x,"
                  Data semantics plays a fundamental role in computer science, in general, and in computing with words, in particular","The semantics of words arises as a sophisticated problem, since words being actually vague linguistic terms are pieces of information characterized by impreciseness, incompleteness, uncertainty and/or vagueness","The qualitative semantics and the quantitative semantics are two aspects of vague linguistic information, which are closely related","However, the qualitative semantics of linguistic terms, and even the qualitative semantics of the symbolic approaches, seem to be not elaborated on directly in the literature","In this study, we propose an interpretation of the inherent order-based semantics of terms through their qualitative semantics modeled by hedge algebra structures",The quantitative semantics of terms are developed based on the quantification of hedge algebras,"With this explicit approach, we propose two concepts of assessment scales to address decision problems: linguistic scales used for representing expert linguistic assessments and semantic linguistic scales based on 4-tuple linguistic representation model, which forms a formalized structure useful for computing with words",An example of a simple multi-criteria decision problem is examined by running a comparative study,"We also analyze the main advantages of the proposed approach.
               ",,,,,
s0888613x14000607,"
                  The paper by Eyke Hüllermeier introduces a new set of techniques for learning models from imprecise data",The removal of the uncertainty in the training instances through the input–output relationship described by the model is also considered,"This discussion addresses three points of the paper: extension principle-based models, precedence operators between fuzzy losses and possible connections between data disambiguation and data imputation.
               ",,,,,,,,,,,
s1071581919300552,"
                  We review the history of human-automation interaction research, assess its current status and identify future directions",We start by reviewing articles that were published on this topic in the International Journal of Human-Computer Studies during the last 50 years,"We find that over the years, automated systems have been used more frequently (1) in time-sensitive or safety-critical settings, (2) in embodied and situated systems, and (3) by non-professional users","Looking to the future, there is a need for human-automation interaction research to focus on (1) issues of function and task allocation between humans and machines, (2) issues of trust, incorrect use, and confusion, (3) the balance between focus, divided attention and attention management, (4) the need for interdisciplinary approaches to cover breadth and depth, (5) regulation and explainability, (6) ethical and social dilemmas, (7) allowing a human and humane experience, and (8) radically different human-automation interaction.
               ",,,,,,,,,,
s0957417419301812,"
                  Investors utilise social media such as Twitter as a means of sharing news surrounding financials stocks listed on international stock exchanges","Company ticker symbols are used to uniquely identify companies listed on stock exchanges and can be embedded within tweets to create clickable hyperlinks referred to as cashtags, allowing investors to associate their tweets with specific companies","The main limitation is that identical ticker symbols are present on exchanges all over the world, and when searching for such cashtags on Twitter, a stream of tweets is returned which match any company in which the cashtag refers to - we refer to this as a cashtag collision",The presence of colliding cashtags could sow confusion for investors seeking news regarding a specific company,"A resolution to this issue would benefit investors who rely on the speediness of tweets for financial information, saving them precious time","We propose a methodology to resolve this problem which combines Natural Language Processing and Data Fusion to construct company-specific corpora to aid in the detection and resolution of colliding cashtags, so that tweets can be classified as being related to a specific stock exchange or not","Supervised machine learning classifiers are trained twice on each tweet – once on a count vectorisation of the tweet text, and again with the assistance of features contained in the company-specific corpora",We validate the cashtag collision methodology by carrying out an experiment involving companies listed on the London Stock Exchange,"Results show that several machine learning classifiers benefit from the use of the custom corpora, yielding higher classification accuracy in the prediction and resolution of colliding cashtags.
               ",,,,,
s0020025519304864,"
                  In this paper, we address the hesitant information in enhancement task often caused by differences in image contrast",Enhancement approaches generally use certain filters which generate artifacts or are unable to recover all the objects details in images,"Typically, the contrast of an image quantifies a unique ratio between the amounts of black and white through a single pixel","However, contrast is better represented by a group of pixels",We have proposed a novel image enhancement scheme based on intuitionistic hesitant fuzzy sets (IHFSs) for drone images (dronogram) to facilitate better interpretations of target objects,"First, a given dronogram is divided into foreground and background areas based on an estimated threshold from which the proposed model measures the amount of black/white intensity levels","Next, we fuzzify both of them and determine the hesitant score indicated by the distance between the two areas for each point in the fuzzy plane","Finally, a hyperbolic operator is adopted for each membership grade to improve the photographic quality leading to enhanced results via defuzzification",The proposed method is tested on a large drone image database,"Results demonstrate better contrast enhancement, improved visual quality, and better recognition compared to the state-of-the-art methods.
               ",,,,
s0142061518304319,"
                  The recognition of partial discharge (PD) sources is an important task of the monitoring and diagnostics of high-voltage components","Nowadays, digital PD measuring systems have the capability of extracting features and form scatter plots with such data sets",Part of an unsupervised PD analysis system is to discover clusters within the data sets and link them to particular PD sources,"Due to the nature of PD data sets, clusters may appear very close to each other or even merged hindering the separation of sources",Clustering methods based on spatial density such as the density peak clustering (DPC) method and DBSCAN are suitable approaches to discover clusters within PD data sets,"However, their accuracy can be reduced due to the proximity among clusters","In this paper, a new method is presented to improve the accuracy of the DPC method",Our method proposes to partition the data set and later pass the resulting subsets to the DPC method,The partitioning is based on the spatial density of data computed by a smoothed density method (SD),SD has the advantage of being fast and not requiring high computational power,"As a final step, a routine is applied to group the sub clusters as per the DPC method having a threshold for the data contour distance as a criterion",This method proved higher accuracy to discover clusters in actual PD data sets,"However, the threshold for the data contour distance still needs further research.
               ",
s0933365716302950,"
                  Objective
                  Given the availability of extensive digitized healthcare data from medical records, claims and prescription information, it is now possible to use hypothesis-free, data-driven approaches to mine medical databases for novel insight","The goal of this analysis was to demonstrate the use of artificial intelligence based methods such as Bayesian networks to open up opportunities for creation of new knowledge in management of chronic conditions.
               
                  Materials and methods
                  Hospital level Medicare claims data containing discharge numbers for most common diagnoses were analyzed in a hypothesis-free manner using Bayesian networks learning methodology.
               
                  Results
                  While many interactions identified between discharge rates of diagnoses using this data set are supported by current medical knowledge, a novel interaction linking asthma and renal failure was discovered",This interaction is non-obvious and had not been looked at by the research and clinical communities in epidemiological or clinical data,"A plausible pharmacological explanation of this link is proposed together with a verification of the risk significance by conventional statistical analysis.
               
                  Conclusion
                  Potential clinical and molecular pathways defining the relationship between commonly used asthma medications and renal disease are discussed",The study underscores the need for further epidemiological research to validate this novel hypothesis,"Validation will lead to advancement in clinical treatment of asthma & bronchitis, thereby, improving patient outcomes and leading to long term cost savings","In summary, this study demonstrates that application of advanced artificial intelligence methods in healthcare has the potential to enhance the quality of care by discovering non-obvious, clinically relevant relationships and enabling timely care intervention.
               ",,,,,,,
s0306437915000459,"
                  In recent years, monitoring the compliance of business processes with relevant regulations, constraints, and rules during runtime has evolved as major concern in literature and practice","Monitoring not only refers to continuously observing possible compliance violations, but also includes the ability to provide fine-grained feedback and to predict possible compliance violations in the future",The body of literature on business process compliance is large and approaches specifically addressing process monitoring are hard to identify,"Moreover, proper means for the systematic comparison of these approaches are missing","Hence, it is unclear which approaches are suitable for particular scenarios",The goal of this paper is to define a framework for Compliance Monitoring Functionalities (CMF) that enables the systematic comparison of existing and new approaches for monitoring compliance rules over business processes during runtime,"To define the scope of the framework, at first, related areas are identified and discussed",The CMFs are harvested based on a systematic literature review and five selected case studies,The appropriateness of the selection of CMFs is demonstrated in two ways: (a) a systematic comparison with pattern-based compliance approaches and (b) a classification of existing compliance monitoring approaches using the CMFs,"Moreover, the application of the CMFs is showcased using three existing tools that are applied to two realistic data sets","Overall, the CMF framework provides powerful means to position existing and future compliance monitoring approaches.
               ",,,
s0921889015003000,"
                  Autonomous systems such as unmanned vehicles are beginning to operate within society",All participants in society are required to follow specific regulations and laws,An autonomous system cannot be an exception,"Inevitably an autonomous system will find itself in a situation in which it needs to not only choose to obey a rule or not, but also make a complex ethical decision","However, there exists no obvious way to implement the human understanding of ethical behaviour in computers","Even if we enable autonomous systems to distinguish between more and less ethical alternatives, how can we be sure that they would choose right? We consider autonomous systems with a hybrid architecture in which the highest level of reasoning is executed by a rational (BDI) agent","For such a system, formal verification has been used successfully to prove that specific rules of behaviour are observed when making decisions",We propose a theoretical framework for ethical plan selection that can be formally verified,"We implement a rational agent that incorporates a given ethical policy in its plan selection and show that we can formally verify that the agent chooses to execute, to the best of its beliefs, the most ethical available plan.
               ",,,,,
s1071581916300866,"
                  Although computers could offer emotional support as well as task support when aiding a user for a complex task, there is little current understanding of how they might do this","Moreover existing demonstrations of emotional support, though promising, only cover a small number of types of support and investigate a limited number of algorithms designed by hand","In this paper, we present an empirical investigation that starts from first principles, determining different categories of stressors for which emotional support might be useful, different categories of emotional support utterances and promising algorithms for deciding the content and form of textual emotional support messages according to the stressors present","At each stage, the results are validated through empirical experiments with human participants who, for instance, are required to place statements into categories, evaluate possible support messages in different imagined situations and compose their own emotional support from options offered",This development methodology allows us to avoid potentially challenging ethical issues in presenting people with stressful situations,"Although our algorithms are attempting to choose emotional support based on the general, “naive” competence of human speakers, we use as a running example situations that can arise when attending a medical emergency and awaiting expert help.
               ",,,,,,,,
s1071581918300016,"
                  Shaping personalisation in a scenario of tangible, embedded and embodied interaction for cultural heritage involves challenges that go well beyond the requirements of implementing content personalisation for portable mobile guides","Content is coupled with the physical experience of the objects, the space, and the facets of the context—being those personal or social—acquire a more prominent role","This paper presents a personalisation framework to support complex scenarios that combine the physical, the digital, and the social dimensions of a visit","It is based on our experience of collaborating with curators and museum experts to understand and shape personalisation in a way that is meaningful to them and to visitors alike, that is sustainable to implement, and effective in managing the complexity of context-awareness","The proposed approach features a decomposition of personalisation into multiple layers of complexity that involve a blend of customisation on the visitor's initiative or according to the visitor's profile, system context-awareness, and automatic adaptivity computed by the system based on the visitor's behaviour model","We use a number of case studies of implemented exhibitions where this approach was used to illustrate its many facets and how adaptive techniques can be effectively complemented with interaction design, rich narratives and visitors’ choice to create deeply personal experiences","Overarching reflections spanning case studies and prototypes provide evidence of the viability of the proposed framework, and illustrate the final effect of the user experience.
               ",,,,,,,
s1071581916301380,"
                  The Facebook News Feed prioritizes posts for display by ranking them more prominently in the News Feed, based on users’ past interactions with the system","This study investigated constraints imposed on social interactions by the algorithm, by triggering participants’ awareness of “missed posts” in their Friends’ Timelines that they did not remember seeing before","If the algorithm prioritizes posts from people that users feel closer to and want to stay in touch with, participants should be less likely to report missed posts from close Friends","However, the results showed that relationship closeness had no effect on the likelihood of noticing a missed post, after controlling for how many Facebook Friends participants had and the accuracy of participants’ memories for their Friends’ Facebook activity","Also, missed posts from close Friends were more surprising, even when participants believed that the actions of the system caused the missed posts, indicating that these instances represent participants’ unmet expectations for the behavior of their News Feeds","Because Facebook posts present opportunities for feedback important for social support and maintaining social ties, this could indicate bias in the way the algorithm promotes content that could affect users’ ability to maintain relationships on Facebook","These findings have implications for approaches to improve user control and increase transparency in systems that use algorithmic filtering.
               ",,,,,,,
s0957417415003590,"
                  The recent developments in cellular networks, along with the increase in services, users and the demand of high quality have raised the Operational Expenditure (OPEX)",Self-Organizing Networks (SON) are the solution to reduce these costs,"Within SON, self-healing is the functionality that aims to automatically solve problems in the radio access network, at the same time reducing the downtime and the impact on the user experience","Self-healing comprises four main functions: fault detection, root cause analysis, fault compensation and recovery","To perform the root cause analysis (also known as diagnosis), Knowledge-Based Systems (KBS) are commonly used, such as fuzzy logic","In this paper, a novel method for extracting the Knowledge Base for a KBS from solved troubleshooting cases is proposed",This method is based on data mining techniques as opposed to the manual techniques currently used,The data mining problem of extracting knowledge out of LTE troubleshooting information can be considered a Big Data problem,"Therefore, the proposed method has been designed so it can be easily scaled up to process a large volume of data with relatively low resources, as opposed to other existing algorithms","Tests show the feasibility and good results obtained by the diagnosis system created by the proposed methodology in LTE networks.
               ",,,,
s0921889018307474,"
                  Autonomous robots that work in the same environment as humans are preferred to ensure mechanical safety with respect to soft contact with their surroundings and adaptivity to handle various tools and to manage partial malfunctions","To ensure that these requirements for robots are satisfied, this study proposes an approach for obtaining a robot structure and its application to building controller for dynamic motion of a robot",It is assumed that the physical relations between the sensor variables are unknown,"On the basis of dependency network construction using mutual information, controllers are generated and tested by finding appropriate causal chains of the sensor variables",The proposed controller generation methods were tested using the control tasks of a musculoskeletal robotic arm,"Thus, the proposed controller generation algorithm finds appropriate controllers, and the framework of this generation is robust to the changes in the body of the body.
               ",,,,,,,,
s0957417417307698,"
                  Citizens are actively interacting with their surroundings, especially through social media","Not only do shared posts give important information about what is happening (from the users’ perspective), but also the metadata linked to these posts offer relevant data, such as the GPS-location in Location-based Social Networks (LBSNs)",In this paper we introduce a global analysis of the geo-tagged posts in social media which supports (i) the detection of unexpected behavior in the city and (ii) the analysis of the posts to infer what is happening,"The former is obtained by applying density-based clustering techniques, whereas the latter is consequence of applying content aggregation techniques",We have applied our methodology to a dataset obtained from Instagram activity in New York City for seven months obtaining promising results,"The developed algorithms require very low resources, being able to analyze millions of data-points in commodity hardware in less than one hour without applying complex parallelization techniques","Furthermore, the solution can be easily adapted to other geo-tagged data sources without extra effort.
               ",,,,,,,
s1071581917301404,"
                  Increasingly our digital traces are providing new opportunities for self-reflection","In particular, social media (SM) data can be used to support self-reflection, but to what extent is this affected by the form in which SM data is presented? Here, we present three studies where we work with individuals to transform or remediate their SM data into a physical book, a photographic triptych and a film",We describe the editorial decisions that take place as part of the remediation process and show how the transformations allow users to reflect on their digital identity in new ways,"We discuss our findings in terms of the application of Goffman's (1959) self-presentation theories to the SM context, showing that a fluid rather than bounded interpretation of our social media spaces may be appropriate","We argue that remediation can contribute to the understanding of digital self and consider the design implications for new SM systems designed to support self-reflection.
               ",,,,,,,,,
s0921889014002164,"
                  In this paper, an overview of human–robot interactive communication is presented, covering verbal as well as non-verbal aspects","Following a historical introduction, and motivation towards fluid human–robot communication, ten desiderata are proposed, which provide an organizational axis both of recent as well as of future research on human–robot communication","Then, the ten desiderata are examined in detail, culminating in a unifying discussion, and a forward-looking conclusion.
               ",,,,,,,,,,,
s1071581916300453,"
                  Few teachers include information and communication technology in the classroom, despite their potential for increasing attention and motivation for students","Educational authoring tools are intended to turn teachers into designers and deliverers of technology-enhanced educational content, and increasing the adoption of these tools is a key element for speeding up this transformation","This paper emphasizes the importance of learnability for preventing rejection or abandonment by of such an authoring tool, and how acceptance is deeply affected by the interaction paradigm and the creation metaphor used in the tool",We present an analysis comparing two design paradigms: the widespread menu-based and choice-guided interaction paradigm versus a consistent metaphor with direct manipulation,"The latter was implemented in DEDOS-Editor, a novel authoring tool that allows the creation of diverse educational activities that can be performed on different devices, such as PCs, digital blackboards, tablets, and multitouch surfaces",An experimental study shows the tremendous impact that interface choices have on the tool's learning curve,"The results provide the first mapping of the choice of a direct-manipulation interface and its effect on the learning curve's entry point, as well as a consistent interaction metaphor with smoother and fast-growing learning curves","This allows users to complete more tasks and gain more knowledge through experience, in contrast to menu-based interfaces","The initial use of the tool is thus made easier for users with no experience or information about the tool, and the advantages of experience and expertize in facing new challenges are facilitating","This work also highlights the appropriateness of learning curves as a tool for measuring learnability.
               ",,,,
s0952197619301253,"
                  The segmentation of multivariate temporal series has been studied in a wide range of applications","This study investigates a challenging segmentation problem on traffic engineering, namely, identification of time-of-day breakpoints for pre-fixed traffic signal timing plans",A large number of urban centres have traffic control strategies based on time-of-day intervals,"We propose a bilevel optimization model to address simultaneously the segmentation problems and the traffic control problems over these time intervals.
                  Efficient memetic algorithms have been developed for the bilevel model based on the hybridization of the particle swarm optimization, genetic algorithms or simulated annealing with the Nelder–Mead method","Numerically the effectiveness of the algorithms using real and synthetic data sets is demonstrated.
                  We address the problem of automatically estimating the number of time-of-day segments that can be reliably discovered","We adapt the Bayesian Information Criterion, the PETE algorithm and a novel oriented-problem approach","The experiments show that this last method gives interpretable results about the number of reliably necessary segments from the traffic-engineering perspective.
                  The experimental results show that the proposed methodology provides an automatic method to determine the time-of-day segments and timing plans simultaneously.
               ",,,,,,,
s1071581918300971,"
                  Radio production involves editing speech-based audio using tools that represent sound using simple waveforms","Semantic speech editing systems allow users to edit audio using an automatically generated transcript, which has the potential to improve the production workflow","To investigate this, we developed a semantic audio editor based on a pilot study","Through a contextual qualitative study of five professional radio producers at the BBC, we examined the existing radio production process and evaluated our semantic editor by using it to create programmes that were later broadcast.
                  We observed that the participants in our study wrote detailed notes about their recordings and used annotation to mark which parts they wanted to use",They collaborated closely with the presenter of their programme to structure the contents and write narrative elements,"Participants reported that they often work away from the office to avoid distractions, and print transcripts so they can work away from screens","They also emphasised that listening is an important part of production, to ensure high sound quality","We found that semantic speech editing with automated speech recognition can be used to improve the radio production workflow, but that annotation, collaboration, portability and listening were not well supported by current semantic speech editing systems","In this paper, we make recommendations on how future semantic speech editing systems can better support the requirements of radio production.
               ",,,,,
s0306437919304909,"
                  Detecting anomalies in process runtime behavior is crucial: they might reflect, on the one side, security breaches and fraudulent behavior and on the other side desired deviations due to, for example, exceptional conditions","Both scenarios yield valuable insights for process analysts and owners, but happen due to different reasons and require a different treatment",Hence a distinction into malign and benign anomalies is required,Existing anomaly detection approaches typically fall short in supporting experts when in need to take this decision,An additional problem are false positives which could result in selecting incorrect countermeasures,This paper proposes a novel anomaly detection approach based on association rule mining,It fosters the explanation of anomalies and the estimation of their severity,"In addition, the approach is able to deal with process change and flexible executions which potentially lead to false positives",This facilitates to take the appropriate countermeasure for a malign anomaly and to avoid the possible termination of benign process executions,The feasibility and result quality of the approach are shown by a prototypical implementation and by analyzing real life logs with injected artificial anomalies,"The explanatory power of the presented approach is evaluated through a controlled experiment with users.
               ",,,
s0957417414006472,"
                  Traditional clustering algorithms do not consider the semantic relationships among words so that cannot accurately represent the meaning of documents","To overcome this problem, introducing semantic information from ontology such as WordNet has been widely used to improve the quality of text clustering","However, there still exist several challenges, such as synonym and polysemy, high dimensionality, extracting core semantics from texts, and assigning appropriate description for the generated clusters","In this paper, we report our attempt towards integrating WordNet with lexical chains to alleviate these problems",The proposed approach exploits ontology hierarchical structure and relations to provide a more accurate assessment of the similarity between terms for word sense disambiguation,"Furthermore, we introduce lexical chains to extract a set of semantically related words from texts, which can represent the semantic content of the texts","Although lexical chains have been extensively used in text summarization, their potential impact on text clustering problem has not been fully investigated","Our integrated way can identify the theme of documents based on the disambiguated core features extracted, and in parallel downsize the dimensions of feature space","The experimental results using the proposed framework on reuters-21578 show that clustering performance improves significantly compared to several classical methods.
               ",,,,,
s0925231217309864,"
                  We are seeing an enormous increase in the availability of streaming, time-series data","Largely driven by the rise of connected real-time data sources, this data presents technical challenges and opportunities","One fundamental capability for streaming analytics is to model each stream in an unsupervised fashion and detect unusual, anomalous behaviors in real-time","Early anomaly detection is valuable, yet it can be difficult to execute reliably in practice","Application constraints require systems to process data in real-time, not batches","Streaming data inherently exhibits concept drift, favoring algorithms that learn continuously","Furthermore, the massive number of independent streams in practice requires that anomaly detectors be fully automated",In this paper we propose a novel anomaly detection algorithm that meets these constraints,The technique is based on an online sequence memory algorithm called Hierarchical Temporal Memory (HTM),"We also present results using the Numenta Anomaly Benchmark (NAB), a benchmark containing real-world data streams with labeled anomalies","The benchmark, the first of its kind, provides a controlled open-source environment for testing anomaly detection algorithms on streaming data","We present results and analysis for a wide range of algorithms on this benchmark, and discuss future challenges for the emerging field of streaming analytics.
               ",,
s0736584515000666,"
                  The requirement to increase inspection speeds for non-destructive testing (NDT) of composite aerospace parts is common to many manufacturers",The prevalence of complex curved surfaces in the industry provides motivation for the use of 6 axis robots in these inspections,The purpose of this paper is to present work undertaken for the development of a KUKA robot manipulator based automated NDT system,A new software solution is presented that enables flexible trajectory planning to be accomplished for the inspection of complex curved surfaces often encountered in engineering production,The techniques and issues associated with conventional manual inspection techniques and automated systems for the inspection of large complex surfaces were reviewed,"This approach has directly influenced the development of a MATLAB toolbox targeted to NDT automation, capable of complex path planning, obstacle avoidance, and external synchronization between robots and associated external NDT systems",This paper highlights the advantages of this software over conventional off-line-programming approaches when applied to NDT measurements,"An experimental validation of path trajectory generation, on a large and curved composite aerofoil component, is presented",Comparative metrology experiments were undertaken to evaluate the real path accuracy of the toolbox when inspecting a curved 0.5m2 and a 1.6m2 surface using a KUKA KR16 L6-2 robot,The results have shown that the deviation of the distance between the commanded TCPs and the feedback positions were within 2.7mm,The variance of the standoff between the probe and the scanned surfaces was smaller than the variance obtainable via commercial path-planning software,Tool paths were generated directly on the triangular mesh imported from the CAD models of the inspected components without need for an approximating analytical surface,"By implementing full external control of the robotic hardware, it has been possible to synchronise the NDT data collection with positions at all points along the path, and our approach allows for the future development of additional functionality that is specific to NDT inspection problems","For the current NDT application, the deviations from CAD design and the requirements for both coarse and fine inspections, dependent on measured NDT data, demand flexibility in path planning beyond what is currently available from existing off-line robot programming software.
               "
s1071581917300988,"
                  The use of the senses of vision and audition as interactive means has dominated the field of Human-Computer Interaction (HCI) for decades, even though nature has provided us with many more senses for perceiving and interacting with the world around us","That said, it has become attractive for HCI researchers and designers to harness touch, taste, and smell in interactive tasks and experience design","In this paper, we present research and design insights gained throughout an interdisciplinary collaboration on a six-week multisensory display – Tate Sensorium – exhibited at the Tate Britain art gallery in London, UK","This is a unique and first time case study on how to design art experiences whilst considering all the senses (i.e., vision, sound, touch, smell, and taste), in particular touch, which we exploited by capitalizing on a novel haptic technology, namely, mid-air haptics",We first describe the overall set up of Tate Sensorium and then move on to describing in detail the design process of the mid-air haptic feedback and its integration with sound for the Full Stop painting by John Latham (1961),This was the first time that mid-air haptic technology was used in a museum context over a prolonged period of time and integrated with sound to enhance the experience of visual art,"As part of an interdisciplinary team of curators, sensory designers, sound artists, we selected a total of three variations of the mid-air haptic experience (i.e., haptic patterns), which were alternated at dedicated times throughout the six-week exhibition",We collected questionnaire-based feedback from 2500 visitors and conducted 50 interviews to gain quantitative and qualitative insights on visitors’ experiences and emotional reactions,"Whilst the questionnaire results are generally very positive with only a small variation of the visitors’ arousal ratings across the three tactile experiences designed for the Full Stop painting, the interview data shed light on the differences in the visitors’ subjective experiences",Our findings suggest multisensory designers and art curators can ensure a balance between surprising experiences versus the possibility of free exploration for visitors,"In addition, participants expressed that experiencing art with the combination of mid-air haptic and sound was immersive and provided an up-lifting experience of touching without touch","We are convinced that the insights gained from this large-scale and real-world field exploration of multisensory experience design exploiting a new and emerging technology provide a solid starting point for the HCI community, creative industries, and art curators to think beyond conventional art experiences","Specifically, our work demonstrates how novel mid-air technology can make art more emotionally engaging and stimulating, especially abstract art that is often open to interpretation.
               ",
s0888613x14000206,"
                  In this paper we present the proof-theoretical approach to p-adic valued conditional probabilistic logics","We introduce two such logics denoted by 
                        
                           
                              CPL
                           
                           
                              
                                 
                                    Z
                                 
                                 
                                    p
                                 
                              
                           
                        
                      and 
                        
                           
                              CPL
                           
                           
                              
                                 
                                    Q
                                 
                                 
                                    p
                                 
                              
                           
                           
                              fin
                           
                        
                     ",Each of these logics extends classical propositional logic with a list of binary (conditional probability) operators,Formulas are interpreted in Kripke-like models that are based on p-adic probability spaces,Axiomatic systems with infinitary rules of inference are given and proved to be sound and strongly complete,"The decidability of the satisfiability problem for each logic is proved.
               ",,,,,,,,
s0950705118301394,"
                  Human creativity generates novel ideas to solve real-world problems",This thereby grants us the power to transform the surrounding world and extend our human attributes beyond what is currently possible,"Creative ideas are not just new and unexpected, but are also successful in providing solutions that are useful, efficient and valuable","Thus, creativity optimizes the use of available resources and increases wealth","The origin of human creativity, however, is poorly understood, and semantic measures that could predict the success of generated ideas are currently unknown","Here, we analyze a dataset of design problem-solving conversations in real-world settings by using 49 semantic measures based on WordNet 3.1 and demonstrate that a divergence of semantic similarity, an increased information content, and a decreased polysemy predict the success of generated ideas",The first feedback from clients also enhances information content and leads to a divergence of successful ideas in creative problem solving,"These results advance cognitive science by identifying real-world processes in human problem solving that are relevant to the success of produced solutions and provide tools for real-time monitoring of problem solving, student training and skill acquisition","A selected subset of information content (IC Sánchez–Batet) and semantic similarity (Lin/Sánchez–Batet) measures, which are both statistically powerful and computationally fast, could support the development of technologies for computer-assisted enhancements of human creativity or for the implementation of creativity in machines endowed with general artificial intelligence.
                  
               ",,,,,
s1875952116300040,"
                  The pre-show experience is a significant part of the movie industry","Moviegoers, on average arrive 24min before when the previews start",Previews have been a part of the movie experience for more than a hundred years and are a culturally significant aspect of the whole experience,"Over the last decade, the pre-movie in-theatre experience has grown to a $600 million industry",This growth continues to accelerate,"Since 2012, this industry has increased by 150%","Consequently, there is an industry-wide demand for innovation in the pre-movie area","In this paper, we describe Paths, an innovative multiplayer real-time socially engaging game that we designed, developed and evaluated",An iterative refinement application development methodology was used to create the game,The game may be played on any smartphone and group interactions are viewed on the large theatre screen,This paper also reports on the quasi-experimental mixed method study with repeated measures that was conducted to ascertain the effectiveness of this new game,"The results show that Paths is very engaging with elements of suspense, pleasant unpredictability and effective team building and crowd-pleasing characteristics.
               ",,
s0888613x14000851,,,,,,,,,,,,,,
s0740818818301828,"
                  A library is a particular kind of organization",It plays a valuable role and is dedicated mainly to the development and growth of society,"Analyzing a library from the perspective of a network of relations and ties, which exist between social and technical network nodes, contributes to a more nuanced assessment of effectiveness","Building on social network analysis and going beyond human relations in a library, this study examines perceptions related to knowledge and skills, resources, and tasks, identified through a survey conducted at the university library in Warsaw","Overall, the analyzed library is characterized by redundancy and congruence of knowledge, resources, and tasks required at the library (organizational) level and at the particular node (employee) level",Analyzing the network efficiency of a library is a new and valuable research design which uses a unique network measurement that should attract more interest in the future,"This form of analysis gives managers the tools to dynamize relations and understand the flow, use, and sharing of resources or knowledge within a library context","However, more studies in the public sector would be invaluable in order to formulate new theories or conclusions.
               ",,,,,,
s2590188519300083,"
                  Due to the power and impact of social media, unsolved practical issues such as human trafficking, kinship recognition, and clustering family photos from large collections have recently received special attention from researchers","In this paper, we present a new idea for family and non-family photo classification","Unlike existing methods that explore face recognition and biometric features, the proposed method explores the strengths of facial geometric features and texture given by a new fractional-entropy approach for classification","The geometric features include spatial and angle information of facial key points, which give spatial and directional coherence",The texture features extract regular patterns in images,The proposed method then combines the above properties in a new way for classifying family and non-family photos with the help of Convolutional Neural Networks (CNNs),"Experimental results on our own as well as benchmark datasets show that the proposed approach outperforms the state-of-the-art methods in terms of classification rate.
               ",,,,,,,
s1875952117300952,"
                  A cost-effective, easily-accessible neuro-motor rehabilitation solution is proposed that can determine the range of motion and the kinematic ability of participants","A serious game comprising four-scenarios are developed in which the players control an avatar that mirrors the rotations of the upper-limb joints through multi-channel-input devices (Kinect, Myo, FootPedal)",Administered functional reach tests (FRT) challenge the player to interact with a 3D-environment while standing or sitting and using the FootPedal which simulates the action of walking whilst body movement is measured concurrently,The FRT’s complexity level is adapted using a Monte Carlo Tree Search algorithm which determines a virtual object’s position based on the proved ability of the user,Twenty-three volunteers were recruited to play the game in 45-min sessions,The data show that the system has a more positive impact on players performance and is more motivating than formal therapy,"The visual representation of the trajectory of the objects is shown to increase the perception of the participants voluntary/involuntary upper extremity movement, and the results show a comparable inter-session reliability (acceptable-good) over two repeated sessions","A high Pearson correlation demonstrates the validity of using Kinect and Myo devices in assessing upper-limb rehabilitation, and the timing and the clinically relevant movement data have a higher accuracy when the devices are paired.
               ",,,,,,
s0888613x15000857,"
                  Fuzzy linguistic logic programming is a logical system for representing and reasoning with linguistically-expressed human knowledge","In fuzzy linguistic logic programming, up until now, there have been only two methods to compute answers to a query w.r.t. a logic program: (i) by bottom-up iterating the immediate consequence operator 
                        
                           
                              T
                           
                           
                              P
                           
                        
                     ; or (ii) by using the procedural semantics","Nevertheless, the former is exhaustive and not goal-oriented","Indeed, it requires computation of the whole least Herbrand model despite the fact that not all the results are required to determine the answer of the query","On the other hand, although the latter is goal-oriented, it may lead to an infinite loop and may recompute atoms in rule bodies","Furthermore, it may not, in general, give a most general answer to a query","In this paper, we develop two query answering procedures which can overcome these problems for fuzzy linguistic logic programming","More precisely, the non-deterministic tabulation procedure is close to the procedural semantics and gives all answers to a query",The deterministic tabulation procedure is more efficient than the non-deterministic one and gives all and only the most general answers to a query,"The deterministic procedure also enables threshold computation and top-k retrieval.
               ",,,,
s095741741830215x,"
                  The aim of this study is to provide an overview the state-of-the-art elements of text classification","For this purpose, we first select and investigate the primary and recent studies and objectives in this field","Next, we examine the state-of-the-art elements of text classification","In the following steps, we qualitatively and quantitatively analyse the related works","Herein, we describe six baseline elements of text classification including data collection, data analysis for labelling, feature construction and weighing, feature selection and projection, training of a classification model, and solution evaluation",This study will help readers acquire the necessary information about these elements and their associated techniques,"Thus, we believe that this study will assist other researchers and professionals to propose new studies in the field of text classification.
               ",,,,,,,
s0925231214000265,"
                  The tensor completion problem is to recover a low-n-rank tensor from a subset of its entries",The main solution strategy has been based on the extensions of trace norm for the minimization of tensor rank via convex optimization,This strategy bears the computational cost required by the singular value decomposition (SVD) which becomes increasingly expensive as the size of the underlying tensor increase,"In order to reduce the computational cost, we propose a multi-linear low-n-rank factorization model and apply the nonlinear Gauss–Seidal method that only requires solving a linear least squares problem per iteration to solve this model","Numerical results show that the proposed algorithm can reliably solve a wide range of problems at least several times faster than the trace norm minimization algorithm.
               ",,,,,,,,,
s1071581918303471,"
                  Current trends in society and technology make the concept of interruption a central human computer interaction problem","In this work, a novel soft computing implementation for an Interruption Classifier was designed, developed and evaluated that draws from a user model and real-time observations of the user's actions as s/he works on computer-based tasks to determine ideal times to interact with the user",This research is timely as the number of interruptions people experience daily has grown considerably over the last decade,"Thus, systems are needed to manage interruptions by reasoning about ideal timings of interactions.
                  This research shows: (1) the classifier incorporates a user model in its’ reasoning process","Most of the research in this area has focused on task-based contextual information when designing systems that reason about interruptions; (2) the classifier performed at 96% accuracy in experimental test scenarios and significantly outperformed other comparable systems; (3) the classifier is implemented using an advanced machine learning technology—an Adaptive Neural-Fuzzy Inference System—this is unique since all other systems use Bayesian Networks or other machine learning tools; (4) the classifier does not require any direct user involvement—in other systems, users must provide interruption annotations while reviewing video sessions so the system can learn; and (5) a promising direction for reasoning about interruptions for free-form tasks–this is largely an unsolved problem.
               ",,,,,,,,,
s0957417415000238,"
                  The paper presents the main results of the KOMET (Knowledge and cOntent structuring via METhods of collaborative ontology design) project, which aims to develop a novel paradigm for knowledge structuring based on the interplay between cognitive psychology and ontology engineering","By the knowledge structure (a conceptual model) we define the main domain concepts and relations between them in the form of a graph, map or diagram","This approach considers individual cognitive styles and uses recent advances in knowledge engineering and conceptual structuring; it aims to create new, consistent and structurally holistic knowledge bases for various areas of science and technology",Two stages of research have been completed: research into correlations between the expert’s individual cognitive style and the peculiarities of the expert’s subject domain ontology development; and research into correlations between the expert’s individual cognitive style and the group ontology design (including design accomplished by groups of experts with either similar or different cognitive styles),"The results of these research stages can be applied to organizing collaborative ontology design (especially for research and learning purposes), data structuring and other group analytical work","Implications for practice are briefly delineated.
               ",,,,,,,,
s1071581918304312,"
                  Creative engagement with novel musical interfaces can be rewarding for non-musicians","However, designing novel musical interfaces for non-musicians can be challenging because they lack conceptual and technical musical skills","In this paper we explore the effects of task motivation (experiential goal vs utilitarian goal) and user interface mode (whether the content is editable, and whether content can be replayed), on non-musicians’ creative engagement with novel musical interfaces",We show through an empirical study of twenty-four participants that an experiential exploratory goal encourages users’ creative engagement compared to a utilitarian creative goal,We found that being able to replay records is less important when participants have an experiential exploratory goal than when they have a utilitarian creative goal,Results also indicate that allowing people to replay their musical ideas increased some aspects of their creative engagement which was further increased when they were able to edit their creations,We also found that creative engagement increased when the interface supported users in planning ahead,A descriptive model of non-musician’s creative engagement with musical interfaces is proposed including three modes of musicking,"An optimal trajectory of creative engagement through these modes is suggested and a description of inferred motivations, output, status and activities during creative processes is discussed","Design implications are proposed for supporting novices’ creative engagement taking into consideration their motivation and skills, and supporting insight and real-time activity.
               ",,,,
s0888613x13002910,"
                  The specification of conditional probability tables (CPTs) is a difficult task in the construction of probabilistic graphical models",Several types of canonical models have been proposed to ease that difficulty,Noisy-threshold models generalize the two most popular canonical models: the noisy-or and the noisy-and,When using the standard inference techniques the inference complexity is exponential with respect to the number of parents of a variable,More efficient inference techniques can be employed for CPTs that take a special form,CPTs can be viewed as tensors,"Tensors can be decomposed into linear combinations of rank-one tensors, where a rank-one tensor is an outer product of vectors",Such decomposition is referred to as Canonical Polyadic (CP) or CANDECOMP-PARAFAC (CP) decomposition,The tensor decomposition offers a compact representation of CPTs which can be efficiently utilized in probabilistic inference,"In this paper we propose a CP decomposition of tensors corresponding to CPTs of threshold functions, exactly ℓ-out-of-k functions, and their noisy counterparts",We prove results about the symmetric rank of these tensors in the real and complex domains,The proofs are constructive and provide methods for CP decomposition of these tensors,An analytical and experimental comparison with the parent-divorcing method (which also has a polynomial complexity) shows superiority of the CP decomposition-based method,"The experiments were performed on subnetworks of the well-known QMRT-DT network generalized by replacing noisy-or by noisy-threshold models.
               "
s0888613x14000796,"
                  The inclusion–exclusion principle is a well-known property in probability theory, and is instrumental in some computational problems such as the evaluation of system reliability or the calculation of the probability of a Boolean formula in diagnosis","However, in the setting of uncertainty theories more general than probability theory, this principle no longer holds in general",It is therefore useful to know for which families of events it continues to hold,This paper investigates this question in the setting of belief functions,"After exhibiting original sufficient and necessary conditions for the principle to hold, we illustrate its use on the uncertainty analysis of Boolean and non-Boolean systems in reliability.
               ",,,,,,,,,
s0888613x15000912,"
                  In the study, we propose a concept of incremental fuzzy models in which fuzzy rules are aimed at compensating discrepancies resulting because of the use of a certain global yet simple model of general nature (such as e.g., a constant or linear regression)","The structure of input data and error discovered through fuzzy clustering is captured in the form of a collection of fuzzy clusters, which helps eliminate (compensate) error produced by the global model",We discuss a detailed architecture of the proposed rule-based model and present its design based on an augmented version of Fuzzy C-Means (FCM),"An extended suite of experimental studies offering some comparative analysis is covered as well.
               ",,,,,,,,,,
s1071581917300320,"
                  The possibility of linking paper to digital information is enhanced by recent developments in printed electronics",In this article we report the design and evaluation of a local newspaper augmented with capacitive touch regions and an embedded Bluetooth chip working with an adjunct device,These allowed the interactive playback of associated audio and the registration of manual voting actions on the web,Design conventions inherited from paper and the web were explored by showing four different versions of an interactive newspaper to 16 community residents,"The diverse responses of residents are described, outlining the potential of the approach for local journalism and recommendations for the design of interactive newsprint.
               ",,,,,,,,,
s0888613x13002880,"
                  For many problem domains, such as medicine, chain graphs are more attractive than Bayesian networks as they support representing interactions between variables that have no natural direction","In particular, interactions between variables that result from certain feedback mechanisms can be represented by chain graphs","Using qualitative abstractions of probabilistic interactions is also of interest, as these allow focusing on patterns in the interactions rather than on the numerical detail",Such patterns are often known by experts and sufficient for making decisions,"So far, qualitative abstractions of probabilistic interactions have only been developed for Bayesian networks in the form of qualitative probabilistic networks","In this paper, such qualitative abstractions are developed for chain graphs with the practical aim of using qualitative knowledge as constraints on the hyperspace of probability distributions","The usefulness of qualitative chain graphs is explored for modelling and reasoning about the interactions between diseases.
               ",,,,,,,
s0888613x14001212,"
                  A novel technique to classify time series with imprecise hidden Markov models is presented",The learning of these models is achieved by coupling the EM algorithm with the imprecise Dirichlet model,"In the stationarity limit, each model corresponds to an imprecise mixture of Gaussian densities, this reducing the problem to the classification of static, imprecise-probabilistic, information","Two classifiers, one based on the expected value of the mixture, the other on the Bhattacharyya distance between pairs of mixtures, are developed","The computation of the bounds of these descriptors with respect to the imprecise quantification of the parameters is reduced to, respectively, linear and quadratic optimization tasks, and hence efficiently solved",Classification is performed by extending the k-nearest neighbors approach to interval-valued data,"The classifiers are credal, meaning that multiple class labels can be returned in the output","Experiments on benchmark datasets for computer vision show that these methods achieve the required robustness whilst outperforming other precise and imprecise methods.
               ",,,,,,
s2589721719300029,"
                  Body temperature is an important physiological indicator in the whole process of pig breeding",Temperature measurement is also an effective means to assist in disease diagnosis and pig health monitoring,"In the conventional method of measuring body temperature, a mercury column is used to obtain the rectal temperature",The operation of this method is complicated and requires a large amount of labor,"This kind of temperature measurement method is contact and can make the pig stressed, which is disadvantageous for the healthy growth of pigs","Therefore, rectal temperature measurement no longer meets the needs of the large-scale pig industry in China's welfare agriculture","In recent years, the emerging pig body temperature detection technologies are electronic temperature measurement technology, infrared temperature measurement technology and so on","Infrared temperature measurement technology has been the main means of measuring the temperature of pig body surface with its advantages of non-contact, long distance and real-time","At present, infrared temperature measurement technology and infrared image processing technology used in pig breeding are still in the exploration stage","Nowadays, the infrared temperature measurement equipment based on point-by-point analysis represented by infrared thermometer and temperature measurement equipment based on full-field analysis represented by infrared thermal imager have been applied to pig breeding industry","These types of temperature measurement are more in line with the needs of the pig breeding industry to transform and upgrade to the automation, in line with the development concept of welfare farming and smart agriculture, and its development prospects are very impressive.
               ",,,
s0888613x13002867,"
                  A number of proposals have been proposed for measuring inconsistency for knowledge bases","However, it is rarely investigated how to incorporate preference information into inconsistency measures",This paper presents two approaches to measuring inconsistency for stratified knowledge bases,"The first approach, termed the multi-section inconsistency measure (MSIM for short), provides a framework for characterizing the inconsistency at each stratum of a stratified knowledge base",Two instances of MSIM are defined: the naive MSIM and the stratum-centric MSIM,"The second approach, termed the preference-based approach, aims to articulate the inconsistency in a stratified knowledge base from a global perspective",This approach allows us to define measures by taking into account the number of formulas involved in inconsistencies as well as the preference levels of these formulas,A set of desirable properties are introduced for inconsistency measures of stratified knowledge bases and studied with respect to the inconsistency measures introduced in the paper,Computational complexity results for these measures are presented,"In addition, a simple but explanatory example is given to illustrate the application of the proposed approaches to requirements engineering.
               ",,,,
s0921889015000834,"
                  The scope of this paper is to present a novel gait methodology in order to obtain an efficient walking capability for an original walking free-leg hexapod structure (WalkingHex) of tri-radial symmetry",Torque in the upper (actuated) spherical joints and stability margin analyses are obtained based on a constraint-driven gait generator,"Therefore, the kinematic information of foot pose and angular orientation of the platform are considered as important variables along with the effect that they can produce in different gait cycles",The torque analysis is studied to determine the motor torque requirements for each step of the gait so that the robotic structure yields a stable and achievable pose,"In this way, the analysis of torque permits the selection of an optimal gait based on stability margin criteria","Consequently, a gait generating algorithm is proposed for different types of terrain such as flat, ramp or stepped surfaces.
               ",,,,,,,,
s1875952119300394,"
                  Elicited physiological affect in humans collaborating with their robot partners was investigated to determine its influence on decision-making performance in serious games","A turn-taking version of the Tower of Hanoi game was used, where physiological arousal and valence underlying such human-robot proximate collaboration were investigated","A comparable decision performance in the serious game was found between human and non-humanoid robot arm collaborator conditions, while higher physiological affect was found in humans collaborating with such robot collaborators","It is suggested that serious games which are carefully designed to take into consideration the elicited physiological arousal might witness a better decision-making performance and more positive valence using non-humanoid robot partners instead of human ones.
               ",,,,,,,,,,
s0957417416306844,"
                  Gaussian Mixture Models (GMM) have many applications in density estimation and data clustering","However, the models do not adapt well to curved and strongly nonlinear data, since many Gaussian components are typically needed to appropriately fit the data that lie around the nonlinear manifold.
                  To solve this problem we constructed the Active Function Cross-Entropy Clustering (afCEC) method, which uses Gaussians in curvilinear coordinate systems","The method has a few advantages in relation to GMM: it enables easy adaptation to clustering of complicated data sets along with a predefined family of functions and does not need external methods to determine the number of clusters, as it automatically (on-line) reduces the number of groups.
                  Experiments on synthetic data, Chinese characters, data from UCI repository and wind turbine monitoring systems show that the proposed nonlinear model typically obtains better results than the classical methods.
               ",,,,,,,,,,,
